Experiment_type,code,tree_quality,species,quality,Nitrogen_added,mix_type,species_richness,number,mesh_size,Time_at_harvest,final_mass_g,k,in_mass,C_initial,N_initial,Ca_initial  ,K_initial,Mg_initial,Mn_initial,P_initial,Tannin_initial,C/N,C,N,Ca,K,Mg,Mn,P,Tannin
A2,A2FT(H),High,"Ml,At",High_N0,N_0,tree mixture,2,1,5 mm,0,10.009,0,10.009,382,20.895,18.705,2.71,3.89,1.04,0.965,0.6205,18.31555965,382,20.895,18.705,2.71,3.89,1.04,0.965,0.6205
A2,A2FT(H),High,"Ml,At",High_N0,N_0,tree mixture,2,2,5 mm,0,10.009,0,10.009,382,20.895,18.705,2.71,3.89,1.04,0.965,0.6205,18.31555965,382,20.895,18.705,2.71,3.89,1.04,0.965,0.6205
A2,A2FT(H),High,"Ml,At",High_N0,N_0,tree mixture,2,1,2 mm,0,9.552,0,9.552,382,20.895,18.705,2.71,3.89,1.04,0.965,0.6205,18.31555965,382,20.895,18.705,2.71,3.89,1.04,0.965,0.6205
A2,A2FT(H),High,"Ml,At",High_N0,N_0,tree mixture,2,2,2 mm,0,9.552,0,9.552,382,20.895,18.705,2.71,3.89,1.04,0.965,0.6205,18.31555965,382,20.895,18.705,2.71,3.89,1.04,0.965,0.6205
A2,A2FT(H),High,"Ml,At",High_N0,N_0,tree mixture,2,1,0.07 mm,0,10.051,0,10.051,382,20.895,18.705,2.71,3.89,1.04,0.965,0.6205,18.31555965,382,20.895,18.705,2.71,3.89,1.04,0.965,0.6205
A2,A2FT(H),High,"Ml,At",High_N0,N_0,tree mixture,2,2,0.07 mm,0,10.051,0,10.051,382,20.895,18.705,2.71,3.89,1.04,0.965,0.6205,18.31555965,382,20.895,18.705,2.71,3.89,1.04,0.965,0.6205
A2,A2HL   ,High,"Ml,At",High_N2,N_2,tree mixture,2,1,5 mm,0,7.726,0,7.726,391.5,110.705,13.98,5.57,2.185,0.345,0.975,0.245,3.528353599,391.5,110.705,13.98,5.57,2.185,0.345,0.975,0.245
A2,A2HL   ,High,"Ml,At",High_N2,N_2,tree mixture,2,2,5 mm,0,7.726,0,7.726,391.5,110.705,13.98,5.57,2.185,0.345,0.975,0.245,3.528353599,391.5,110.705,13.98,5.57,2.185,0.345,0.975,0.245
A2,A2HL   ,High,"Ml,At",High_N2,N_2,tree mixture,2,1,2 mm,0,7.808,0,7.808,391.5,110.705,13.98,5.57,2.185,0.345,0.975,0.245,3.528353599,391.5,110.705,13.98,5.57,2.185,0.345,0.975,0.245
A2,A2HL   ,High,"Ml,At",High_N2,N_2,tree mixture,2,2,2 mm,0,7.808,0,7.808,391.5,110.705,13.98,5.57,2.185,0.345,0.975,0.245,3.528353599,391.5,110.705,13.98,5.57,2.185,0.345,0.975,0.245
A2,A2HL   ,High,"Ml,At",High_N2,N_2,tree mixture,2,1,0.07 mm,0,7.662,0,7.662,391.5,110.705,13.98,5.57,2.185,0.345,0.975,0.245,3.528353599,391.5,110.705,13.98,5.57,2.185,0.345,0.975,0.245
A2,A2HL   ,High,"Ml,At",High_N2,N_2,tree mixture,2,2,0.07 mm,0,7.662,0,7.662,391.5,110.705,13.98,5.57,2.185,0.345,0.975,0.245,3.528353599,391.5,110.705,13.98,5.57,2.185,0.345,0.975,0.245
A2,A2HH,High,"Ml,At",High_N6,N_6,tree mixture,2,1,5 mm,0,7.14,0,7.14,365.5,257.02,6.33,1.835,1.465,0.376,0.52,0.025,1.423735003,365.5,257.02,6.33,1.835,1.465,0.376,0.52,0.025
A2,A2HH,High,"Ml,At",High_N6,N_6,tree mixture,2,2,5 mm,0,7.14,0,7.14,365.5,257.02,6.33,1.835,1.465,0.376,0.52,0.025,1.423735003,365.5,257.02,6.33,1.835,1.465,0.376,0.52,0.025
A2,A2HH,High,"Ml,At",High_N6,N_6,tree mixture,2,1,2 mm,0,6.924,0,6.924,365.5,257.02,6.33,1.835,1.465,0.376,0.52,0.025,1.423735003,365.5,257.02,6.33,1.835,1.465,0.376,0.52,0.025
A2,A2HH,High,"Ml,At",High_N6,N_6,tree mixture,2,2,2 mm,0,6.924,0,6.924,365.5,257.02,6.33,1.835,1.465,0.376,0.52,0.025,1.423735003,365.5,257.02,6.33,1.835,1.465,0.376,0.52,0.025
A2,A2HH,High,"Ml,At",High_N6,N_6,tree mixture,2,1,0.07 mm,0,7.136,0,7.136,365.5,257.02,6.33,1.835,1.465,0.376,0.52,0.025,1.423735003,365.5,257.02,6.33,1.835,1.465,0.376,0.52,0.025
A2,A2HH,High,"Ml,At",High_N6,N_6,tree mixture,2,2,0.07 mm,0,7.136,0,7.136,365.5,257.02,6.33,1.835,1.465,0.376,0.52,0.025,1.423735003,365.5,257.02,6.33,1.835,1.465,0.376,0.52,0.025
A2,A2FT(M),Medium,"Dt,Pt",Medium_N0,N_0,tree mixture,2,1,5 mm,0,9.976,0,9.976,427.5,14.7,17.85,1.505,2.925,1.314,0.655,0.7785,29.09722222,427.5,14.7,17.85,1.505,2.925,1.314,0.655,0.7785
A2,A2FT(M),Medium,"Dt,Pt",Medium_N0,N_0,tree mixture,2,2,5 mm,0,9.976,0,9.976,427.5,14.7,17.85,1.505,2.925,1.314,0.655,0.7785,29.09722222,427.5,14.7,17.85,1.505,2.925,1.314,0.655,0.7785
A2,A2FT(M),Medium,"Dt,Pt",Medium_N0,N_0,tree mixture,2,1,2 mm,0,10.001,0,10.001,427.5,14.7,17.85,1.505,2.925,1.314,0.655,0.7785,29.09722222,427.5,14.7,17.85,1.505,2.925,1.314,0.655,0.7785
A2,A2FT(M),Medium,"Dt,Pt",Medium_N0,N_0,tree mixture,2,2,2 mm,0,10.001,0,10.001,427.5,14.7,17.85,1.505,2.925,1.314,0.655,0.7785,29.09722222,427.5,14.7,17.85,1.505,2.925,1.314,0.655,0.7785
A2,A2FT(M),Medium,"Dt,Pt",Medium_N0,N_0,tree mixture,2,1,0.07 mm,0,10.006,0,10.006,427.5,14.7,17.85,1.505,2.925,1.314,0.655,0.7785,29.09722222,427.5,14.7,17.85,1.505,2.925,1.314,0.655,0.7785
A2,A2FT(M),Medium,"Dt,Pt",Medium_N0,N_0,tree mixture,2,2,0.07 mm,0,10.006,0,10.006,427.5,14.7,17.85,1.505,2.925,1.314,0.655,0.7785,29.09722222,427.5,14.7,17.85,1.505,2.925,1.314,0.655,0.7785
A2,A2ML,Medium,"Dt,Pt",Medium_N2,N_2,tree mixture,2,1,5 mm,0,7.525,0,7.525,417,106.31,12.23,1.7,2.46,0.8925,0.575,0.135,3.923549604,417,106.31,12.23,1.7,2.46,0.8925,0.575,0.135
A2,A2ML,Medium,"Dt,Pt",Medium_N2,N_2,tree mixture,2,2,5 mm,0,7.525,0,7.525,417,106.31,12.23,1.7,2.46,0.8925,0.575,0.135,3.923549604,417,106.31,12.23,1.7,2.46,0.8925,0.575,0.135
A2,A2ML,Medium,"Dt,Pt",Medium_N2,N_2,tree mixture,2,1,2 mm,0,7.74,0,7.74,417,106.31,12.23,1.7,2.46,0.8925,0.575,0.135,3.923549604,417,106.31,12.23,1.7,2.46,0.8925,0.575,0.135
A2,A2ML,Medium,"Dt,Pt",Medium_N2,N_2,tree mixture,2,2,2 mm,0,7.74,0,7.74,417,106.31,12.23,1.7,2.46,0.8925,0.575,0.135,3.923549604,417,106.31,12.23,1.7,2.46,0.8925,0.575,0.135
A2,A2ML,Medium,"Dt,Pt",Medium_N2,N_2,tree mixture,2,1,0.07 mm,0,7.729,0,7.729,417,106.31,12.23,1.7,2.46,0.8925,0.575,0.135,3.923549604,417,106.31,12.23,1.7,2.46,0.8925,0.575,0.135
A2,A2ML,Medium,"Dt,Pt",Medium_N2,N_2,tree mixture,2,2,0.07 mm,0,7.729,0,7.729,417,106.31,12.23,1.7,2.46,0.8925,0.575,0.135,3.923549604,417,106.31,12.23,1.7,2.46,0.8925,0.575,0.135
A2,A2MH,Medium,"Dt,Pt",Medium_N6,N_6,tree mixture,2,1,5 mm,0,7.257,0,7.257,372,246.995,5.38,0.855,1.125,0.469,0.29,0.01,1.476253861,372,246.995,5.38,0.855,1.125,0.469,0.29,0.01
A2,A2MH,Medium,"Dt,Pt",Medium_N6,N_6,tree mixture,2,2,5 mm,0,7.257,0,7.257,372,246.995,5.38,0.855,1.125,0.469,0.29,0.01,1.476253861,372,246.995,5.38,0.855,1.125,0.469,0.29,0.01
A2,A2MH,Medium,"Dt,Pt",Medium_N6,N_6,tree mixture,2,1,2 mm,0,7.242,0,7.242,372,246.995,5.38,0.855,1.125,0.469,0.29,0.01,1.476253861,372,246.995,5.38,0.855,1.125,0.469,0.29,0.01
A2,A2MH,Medium,"Dt,Pt",Medium_N6,N_6,tree mixture,2,2,2 mm,0,7.242,0,7.242,372,246.995,5.38,0.855,1.125,0.469,0.29,0.01,1.476253861,372,246.995,5.38,0.855,1.125,0.469,0.29,0.01
A2,A2MH,Medium,"Dt,Pt",Medium_N6,N_6,tree mixture,2,1,0.07 mm,0,7.196,0,7.196,372,246.995,5.38,0.855,1.125,0.469,0.29,0.01,1.476253861,372,246.995,5.38,0.855,1.125,0.469,0.29,0.01
A2,A2MH,Medium,"Dt,Pt",Medium_N6,N_6,tree mixture,2,2,0.07 mm,0,7.196,0,7.196,372,246.995,5.38,0.855,1.125,0.469,0.29,0.01,1.476253861,372,246.995,5.38,0.855,1.125,0.469,0.29,0.01
A2,A2FT(L),Low,"Cb,Ga",Low_N0,N_0,tree mixture,2,1,5 mm,0,10,0,10,438,11.25,27.315,6.515,3.265,0.3405,1.435,1.0965,38.92868748,438,11.25,27.315,6.515,3.265,0.3405,1.435,1.0965
A2,A2FT(L),Low,"Cb,Ga",Low_N0,N_0,tree mixture,2,2,5 mm,0,10,0,10,438,11.25,27.315,6.515,3.265,0.3405,1.435,1.0965,38.92868748,438,11.25,27.315,6.515,3.265,0.3405,1.435,1.0965
A2,A2FT(L),Low,"Cb,Ga",Low_N0,N_0,tree mixture,2,1,2 mm,0,9.603,0,9.603,438,11.25,27.315,6.515,3.265,0.3405,1.435,1.0965,38.92868748,438,11.25,27.315,6.515,3.265,0.3405,1.435,1.0965
A2,A2FT(L),Low,"Cb,Ga",Low_N0,N_0,tree mixture,2,2,2 mm,0,9.603,0,9.603,438,11.25,27.315,6.515,3.265,0.3405,1.435,1.0965,38.92868748,438,11.25,27.315,6.515,3.265,0.3405,1.435,1.0965
A2,A2FT(L),Low,"Cb,Ga",Low_N0,N_0,tree mixture,2,1,0.07 mm,0,10,0,10,438,11.25,27.315,6.515,3.265,0.3405,1.435,1.0965,38.92868748,438,11.25,27.315,6.515,3.265,0.3405,1.435,1.0965
A2,A2FT(L),Low,"Cb,Ga",Low_N0,N_0,tree mixture,2,2,0.07 mm,0,10,0,10,438,11.25,27.315,6.515,3.265,0.3405,1.435,1.0965,38.92868748,438,11.25,27.315,6.515,3.265,0.3405,1.435,1.0965
A2,A2LL,Low,"Cb,Ga",Low_N2,N_2,tree mixture,2,1,5 mm,0,7.671,0,7.671,386.5,103.555,12.715,2.83,2.935,0.8785,0.81,0.2,3.739460063,386.5,103.555,12.715,2.83,2.935,0.8785,0.81,0.2
A2,A2LL,Low,"Cb,Ga",Low_N2,N_2,tree mixture,2,2,5 mm,0,7.671,0,7.671,386.5,103.555,12.715,2.83,2.935,0.8785,0.81,0.2,3.739460063,386.5,103.555,12.715,2.83,2.935,0.8785,0.81,0.2
A2,A2LL,Low,"Cb,Ga",Low_N2,N_2,tree mixture,2,1,2 mm,0,7.778,0,7.778,386.5,103.555,12.715,2.83,2.935,0.8785,0.81,0.2,3.739460063,386.5,103.555,12.715,2.83,2.935,0.8785,0.81,0.2
A2,A2LL,Low,"Cb,Ga",Low_N2,N_2,tree mixture,2,2,2 mm,0,7.778,0,7.778,386.5,103.555,12.715,2.83,2.935,0.8785,0.81,0.2,3.739460063,386.5,103.555,12.715,2.83,2.935,0.8785,0.81,0.2
A2,A2LL,Low,"Cb,Ga",Low_N2,N_2,tree mixture,2,1,0.07 mm,0,7.714,0,7.714,386.5,103.555,12.715,2.83,2.935,0.8785,0.81,0.2,3.739460063,386.5,103.555,12.715,2.83,2.935,0.8785,0.81,0.2
A2,A2LL,Low,"Cb,Ga",Low_N2,N_2,tree mixture,2,2,0.07 mm,0,7.714,0,7.714,386.5,103.555,12.715,2.83,2.935,0.8785,0.81,0.2,3.739460063,386.5,103.555,12.715,2.83,2.935,0.8785,0.81,0.2
A2,A2LH,Low,"Cb,Ga",Low_N6,N_6,tree mixture,2,1,5 mm,0,7.32,0,7.32,370,240.595,9.815,2.19,1.765,0.524,0.53,0.04,1.538951658,370,240.595,9.815,2.19,1.765,0.524,0.53,0.04
A2,A2LH,Low,"Cb,Ga",Low_N6,N_6,tree mixture,2,2,5 mm,0,7.32,0,7.32,370,240.595,9.815,2.19,1.765,0.524,0.53,0.04,1.538951658,370,240.595,9.815,2.19,1.765,0.524,0.53,0.04
A2,A2LH,Low,"Cb,Ga",Low_N6,N_6,tree mixture,2,1,2 mm,0,7.576,0,7.576,370,240.595,9.815,2.19,1.765,0.524,0.53,0.04,1.538951658,370,240.595,9.815,2.19,1.765,0.524,0.53,0.04
A2,A2LH,Low,"Cb,Ga",Low_N6,N_6,tree mixture,2,2,2 mm,0,7.576,0,7.576,370,240.595,9.815,2.19,1.765,0.524,0.53,0.04,1.538951658,370,240.595,9.815,2.19,1.765,0.524,0.53,0.04
A2,A2LH,Low,"Cb,Ga",Low_N6,N_6,tree mixture,2,1,0.07 mm,0,7.363,0,7.363,370,240.595,9.815,2.19,1.765,0.524,0.53,0.04,1.538951658,370,240.595,9.815,2.19,1.765,0.524,0.53,0.04
A2,A2LH,Low,"Cb,Ga",Low_N6,N_6,tree mixture,2,2,0.07 mm,0,7.363,0,7.363,370,240.595,9.815,2.19,1.765,0.524,0.53,0.04,1.538951658,370,240.595,9.815,2.19,1.765,0.524,0.53,0.04
A2,A2FT(H),High,"Ml,At",High_N0,N_0,tree mixture,2,1,5 mm,220,6.217,1.199,10.009,382,20.895,18.705,2.71,3.89,1.04,0.965,0.6205,18.31555965,190.078,11.938,12.467,2.039,1.56,2.464,0.507,0.02
A2,A2FT(H),High,"Ml,At",High_N0,N_0,tree mixture,2,2,5 mm,220,6.217,1.199,10.009,382,20.895,18.705,2.71,3.89,1.04,0.965,0.6205,18.31555965,280.087,19.72,15.597,1.827,1.663,2.448,0.723,0.07
A2,A2FT(H),High,"Ml,At",High_N0,N_0,tree mixture,2,1,2 mm,220,6.967,0.581,9.552,382,20.895,18.705,2.71,3.89,1.04,0.965,0.6205,18.31555965,259.502,17.307,11.287,1.585,1.268,3.344,0.634,0
A2,A2FT(H),High,"Ml,At",High_N0,N_0,tree mixture,2,2,2 mm,220,6.967,0.581,9.552,382,20.895,18.705,2.71,3.89,1.04,0.965,0.6205,18.31555965,259.972,16.36,15.706,1.439,1.403,4.265,0.6,0.04
A2,A2FT(H),High,"Ml,At",High_N0,N_0,tree mixture,2,1,0.07 mm,220,5.937,0.944,10.051,382,20.895,18.705,2.71,3.89,1.04,0.965,0.6205,18.31555965,250.921,18.639,15.523,1.518,1.659,2.587,0.613,0
A2,A2FT(H),High,"Ml,At",High_N0,N_0,tree mixture,2,2,0.07 mm,220,5.937,0.944,10.051,382,20.895,18.705,2.71,3.89,1.04,0.965,0.6205,18.31555965,315.565,21.435,11.795,1.265,1.264,3.02,0.705,0.11
A2,A2HL   ,High,"Ml,At",High_N2,N_2,tree mixture,2,1,5 mm,220,1.41,5,7.726,391.5,110.705,13.98,5.57,2.185,0.345,0.975,0.245,3.528353599,293.448,23.118,16.638,1.701,1.881,1.608,0.587,0.013
A2,A2HL   ,High,"Ml,At",High_N2,N_2,tree mixture,2,2,5 mm,220,1.41,5,7.726,391.5,110.705,13.98,5.57,2.185,0.345,0.975,0.245,3.528353599,316.824,22.459,20.042,1.935,2.58,1.211,0.76,0
A2,A2HL   ,High,"Ml,At",High_N2,N_2,tree mixture,2,1,2 mm,220,4.653,1.192,7.808,391.5,110.705,13.98,5.57,2.185,0.345,0.975,0.245,3.528353599,296.023,20.659,14.479,2.209,1.913,1.198,0.643,0.176
A2,A2HL   ,High,"Ml,At",High_N2,N_2,tree mixture,2,2,2 mm,220,4.653,1.192,7.808,391.5,110.705,13.98,5.57,2.185,0.345,0.975,0.245,3.528353599,291.682,22.736,15.041,1.985,1.87,1.381,0.615,0.1
A2,A2HL   ,High,"Ml,At",High_N2,N_2,tree mixture,2,1,0.07 mm,220,5.463,0.817,7.662,391.5,110.705,13.98,5.57,2.185,0.345,0.975,0.245,3.528353599,357.945,24.372,31.202,1.841,2.514,1.003,1.019,0.028
A2,A2HL   ,High,"Ml,At",High_N2,N_2,tree mixture,2,2,0.07 mm,220,5.463,0.817,7.662,391.5,110.705,13.98,5.57,2.185,0.345,0.975,0.245,3.528353599,363.377,27.498,25.02,1.961,3.031,0.767,0.89,0.1
A2,A2HH,High,"Ml,At",High_N6,N_6,tree mixture,2,1,5 mm,220,2.843,2.667,7.14,365.5,257.02,6.33,1.835,1.465,0.376,0.52,0.025,1.423735003,293.416,25.541,14.515,3.784,1.851,1.775,1.736,0.027
A2,A2HH,High,"Ml,At",High_N6,N_6,tree mixture,2,2,5 mm,220,2.843,2.667,7.14,365.5,257.02,6.33,1.835,1.465,0.376,0.52,0.025,1.423735003,103.401,8.751,9.014,3.592,1.648,0.818,0.783,0
A2,A2HH,High,"Ml,At",High_N6,N_6,tree mixture,2,1,2 mm,220,5.087,0.6,6.924,365.5,257.02,6.33,1.835,1.465,0.376,0.52,0.025,1.423735003,169.21,15.234,8.776,2.483,1.541,1.252,0.543,0.003
A2,A2HH,High,"Ml,At",High_N6,N_6,tree mixture,2,2,2 mm,220,5.087,0.6,6.924,365.5,257.02,6.33,1.835,1.465,0.376,0.52,0.025,1.423735003,164.01,14.443,8.11,2.732,1.49,0.875,0.576,0.023
A2,A2HH,High,"Ml,At",High_N6,N_6,tree mixture,2,1,0.07 mm,220,4.787,0.796,7.136,365.5,257.02,6.33,1.835,1.465,0.376,0.52,0.025,1.423735003,301.569,26.74,17.342,1.436,1.719,1.72,0.56,0.012
A2,A2HH,High,"Ml,At",High_N6,N_6,tree mixture,2,2,0.07 mm,220,4.787,0.796,7.136,365.5,257.02,6.33,1.835,1.465,0.376,0.52,0.025,1.423735003,342.553,27.496,13.03,1.728,1.648,1.603,0.648,0
A2,A2FT(M),Medium,"Dt,Pt",Medium_N0,N_0,tree mixture,2,1,5 mm,220,5.113,1.09,9.976,427.5,14.7,17.85,1.505,2.925,1.314,0.655,0.7785,29.09722222,322.491,16.723,22.632,1.395,2.438,2.499,0.628,0.03
A2,A2FT(M),Medium,"Dt,Pt",Medium_N0,N_0,tree mixture,2,2,5 mm,220,5.113,1.09,9.976,427.5,14.7,17.85,1.505,2.925,1.314,0.655,0.7785,29.09722222,312.187,16.439,27.732,1.227,2.211,3.156,0.609,0.03
A2,A2FT(M),Medium,"Dt,Pt",Medium_N0,N_0,tree mixture,2,1,2 mm,220,7.301,0.573,10.001,427.5,14.7,17.85,1.505,2.925,1.314,0.655,0.7785,29.09722222,344.259,16.98,21.242,1.099,2.677,2.357,0.555,0.15
A2,A2FT(M),Medium,"Dt,Pt",Medium_N0,N_0,tree mixture,2,2,2 mm,220,7.301,0.573,10.001,427.5,14.7,17.85,1.505,2.925,1.314,0.655,0.7785,29.09722222,359.85,16.144,21.426,1.142,2.323,2.585,0.578,0.07
A2,A2FT(M),Medium,"Dt,Pt",Medium_N0,N_0,tree mixture,2,1,0.07 mm,220,8.107,0.408,10.006,427.5,14.7,17.85,1.505,2.925,1.314,0.655,0.7785,29.09722222,318.529,15.607,24.696,1.004,2.915,3.376,0.525,0.04
A2,A2FT(M),Medium,"Dt,Pt",Medium_N0,N_0,tree mixture,2,2,0.07 mm,220,8.107,0.408,10.006,427.5,14.7,17.85,1.505,2.925,1.314,0.655,0.7785,29.09722222,329.544,16.581,23.147,1.894,2.446,3.852,0.688,0.08
A2,A2ML,Medium,"Dt,Pt",Medium_N2,N_2,tree mixture,2,1,5 mm,220,4.973,0.802,7.525,417,106.31,12.23,1.7,2.46,0.8925,0.575,0.135,3.923549604,118.725,17.295,,,,,,
A2,A2ML,Medium,"Dt,Pt",Medium_N2,N_2,tree mixture,2,2,5 mm,220,4.973,0.802,7.525,417,106.31,12.23,1.7,2.46,0.8925,0.575,0.135,3.923549604,129.34,8.872,14.308,0.573,1.761,0.871,0.525,0.007
A2,A2ML,Medium,"Dt,Pt",Medium_N2,N_2,tree mixture,2,1,2 mm,220,6.19,0.364,7.74,417,106.31,12.23,1.7,2.46,0.8925,0.575,0.135,3.923549604,,,,,,,,
A2,A2ML,Medium,"Dt,Pt",Medium_N2,N_2,tree mixture,2,2,2 mm,220,6.19,0.364,7.74,417,106.31,12.23,1.7,2.46,0.8925,0.575,0.135,3.923549604,,,,,,,,
A2,A2ML,Medium,"Dt,Pt",Medium_N2,N_2,tree mixture,2,1,0.07 mm,220,6,0.575,7.729,417,106.31,12.23,1.7,2.46,0.8925,0.575,0.135,3.923549604,381.677,27.432,17.151,1.291,2.582,1.968,0.513,0.043
A2,A2ML,Medium,"Dt,Pt",Medium_N2,N_2,tree mixture,2,2,0.07 mm,220,6,0.575,7.729,417,106.31,12.23,1.7,2.46,0.8925,0.575,0.135,3.923549604,369.699,29.084,20.445,1.31,2.727,1.817,0.593,0.004
A2,A2MH,Medium,"Dt,Pt",Medium_N6,N_6,tree mixture,2,1,5 mm,220,2.244,3.152,7.257,372,246.995,5.38,0.855,1.125,0.469,0.29,0.01,1.476253861,254.462,14.661,28.325,1.569,2.469,1.853,0.705,0.005
A2,A2MH,Medium,"Dt,Pt",Medium_N6,N_6,tree mixture,2,2,5 mm,220,2.244,3.152,7.257,372,246.995,5.38,0.855,1.125,0.469,0.29,0.01,1.476253861,211.48,17.114,13.193,1.858,1.96,1.098,0.393,0
A2,A2MH,Medium,"Dt,Pt",Medium_N6,N_6,tree mixture,2,1,2 mm,220,5.71,0.439,7.242,372,246.995,5.38,0.855,1.125,0.469,0.29,0.01,1.476253861,326.771,26.447,14.617,1.903,2.062,1.268,0.553,0.09
A2,A2MH,Medium,"Dt,Pt",Medium_N6,N_6,tree mixture,2,2,2 mm,220,5.71,0.439,7.242,372,246.995,5.38,0.855,1.125,0.469,0.29,0.01,1.476253861,317.023,25.731,32.311,1,2.544,1.814,0.493,0.013
A2,A2MH,Medium,"Dt,Pt",Medium_N6,N_6,tree mixture,2,1,0.07 mm,220,5.557,0.725,7.196,372,246.995,5.38,0.855,1.125,0.469,0.29,0.01,1.476253861,207.099,16.59,13.929,1.6,2.396,2.608,0.701,0
A2,A2MH,Medium,"Dt,Pt",Medium_N6,N_6,tree mixture,2,2,0.07 mm,220,5.557,0.725,7.196,372,246.995,5.38,0.855,1.125,0.469,0.29,0.01,1.476253861,296.767,23.418,27.242,0.976,2.662,2.296,0.401,0.01
A2,A2FT(L),Low,"Cb,Ga",Low_N0,N_0,tree mixture,2,1,5 mm,220,4.347,1.414,10,438,11.25,27.315,6.515,3.265,0.3405,1.435,1.0965,38.92868748,371.475,19.145,22.514,1.769,2.235,1.137,1.287,0.11
A2,A2FT(L),Low,"Cb,Ga",Low_N0,N_0,tree mixture,2,2,5 mm,220,4.347,1.414,10,438,11.25,27.315,6.515,3.265,0.3405,1.435,1.0965,38.92868748,371.212,18.346,20.604,1.668,1.757,2.048,0.801,0.02
A2,A2FT(L),Low,"Cb,Ga",Low_N0,N_0,tree mixture,2,1,2 mm,220,6.05,0.985,9.603,438,11.25,27.315,6.515,3.265,0.3405,1.435,1.0965,38.92868748,,,,,,,,
A2,A2FT(L),Low,"Cb,Ga",Low_N0,N_0,tree mixture,2,2,2 mm,220,6.05,0.985,9.603,438,11.25,27.315,6.515,3.265,0.3405,1.435,1.0965,38.92868748,,,,,,,,
A2,A2FT(L),Low,"Cb,Ga",Low_N0,N_0,tree mixture,2,1,0.07 mm,220,6.58,0.917,10,438,11.25,27.315,6.515,3.265,0.3405,1.435,1.0965,38.92868748,407.276,19.777,26.417,1.828,2.602,0.979,1.261,0.02
A2,A2FT(L),Low,"Cb,Ga",Low_N0,N_0,tree mixture,2,2,0.07 mm,220,6.58,0.917,10,438,11.25,27.315,6.515,3.265,0.3405,1.435,1.0965,38.92868748,390.694,20.648,26.547,1.902,2.908,1.338,1.209,
A2,A2LL,Low,"Cb,Ga",Low_N2,N_2,tree mixture,2,1,5 mm,220,3.113,1.573,7.671,386.5,103.555,12.715,2.83,2.935,0.8785,0.81,0.2,3.739460063,212.644,17.816,13.256,1.983,2.158,1.63,0.631,0
A2,A2LL,Low,"Cb,Ga",Low_N2,N_2,tree mixture,2,2,5 mm,220,3.113,1.573,7.671,386.5,103.555,12.715,2.83,2.935,0.8785,0.81,0.2,3.739460063,210.228,17.754,12.921,1.965,2.193,1.684,0.657,0.005
A2,A2LL,Low,"Cb,Ga",Low_N2,N_2,tree mixture,2,1,2 mm,220,6.053,0.628,7.778,386.5,103.555,12.715,2.83,2.935,0.8785,0.81,0.2,3.739460063,292.469,23.872,18.677,1.426,1.933,1.981,0.664,0.005
A2,A2LL,Low,"Cb,Ga",Low_N2,N_2,tree mixture,2,2,2 mm,220,6.053,0.628,7.778,386.5,103.555,12.715,2.83,2.935,0.8785,0.81,0.2,3.739460063,210.734,18.142,15.463,1.524,1.785,1.728,0.611,0.021
A2,A2LL,Low,"Cb,Ga",Low_N2,N_2,tree mixture,2,1,0.07 mm,220,5.447,0.952,7.714,386.5,103.555,12.715,2.83,2.935,0.8785,0.81,0.2,3.739460063,307.519,26.045,18.26,1.139,1.759,2.003,0.678,0.005
A2,A2LL,Low,"Cb,Ga",Low_N2,N_2,tree mixture,2,2,0.07 mm,220,5.447,0.952,7.714,386.5,103.555,12.715,2.83,2.935,0.8785,0.81,0.2,3.739460063,219.765,19.54,16.727,1.906,1.906,1.804,0.784,0.029
A2,A2LH,Low,"Cb,Ga",Low_N6,N_6,tree mixture,2,1,5 mm,220,2.62,3.735,7.32,370,240.595,9.815,2.19,1.765,0.524,0.53,0.04,1.538951658,300.053,23.693,16.068,2.952,2.586,1.355,1.037,0.004
A2,A2LH,Low,"Cb,Ga",Low_N6,N_6,tree mixture,2,2,5 mm,220,2.62,3.735,7.32,370,240.595,9.815,2.19,1.765,0.524,0.53,0.04,1.538951658,278.523,22.212,22.078,1.96,2.081,1.299,1.732,0
A2,A2LH,Low,"Cb,Ga",Low_N6,N_6,tree mixture,2,1,2 mm,220,4.4,1.44,7.576,370,240.595,9.815,2.19,1.765,0.524,0.53,0.04,1.538951658,344.483,25.965,20.284,1.928,2.845,1.338,0.97,0.135
A2,A2LH,Low,"Cb,Ga",Low_N6,N_6,tree mixture,2,2,2 mm,220,4.4,1.44,7.576,370,240.595,9.815,2.19,1.765,0.524,0.53,0.04,1.538951658,307.044,23.096,15.836,1.735,2.462,1.224,0.853,0
A2,A2LH,Low,"Cb,Ga",Low_N6,N_6,tree mixture,2,1,0.07 mm,220,4.235,1.283,7.363,370,240.595,9.815,2.19,1.765,0.524,0.53,0.04,1.538951658,352.449,27.844,24.952,1.841,2.59,1.023,1.031,0.016
A2,A2LH,Low,"Cb,Ga",Low_N6,N_6,tree mixture,2,2,0.07 mm,220,4.235,1.283,7.363,370,240.595,9.815,2.19,1.765,0.524,0.53,0.04,1.538951658,355.753,30.21,17.863,2.245,2.816,1.115,1.264,0
A2,A2FT(H),High,"Ml,At",High_N0,N_0,tree mixture,2,1,0.07 mm,365,5.89,0.699,10.118,382,20.895,18.705,2.71,3.89,1.04,0.965,0.6205,18.31555965,362.433,25.261,18.109,2.414,3.846,1.976,0.89,0.01
A2,A2FT(H),High,"Ml,At",High_N0,N_0,tree mixture,2,2,0.07 mm,365,5.89,0.699,10.118,382,20.895,18.705,2.71,3.89,1.04,0.965,0.6205,18.31555965,332.826,25.18,19.186,1.938,3.957,1.585,0.946,0.04
A2,A2FT(H),High,"Ml,At",High_N0,N_0,tree mixture,2,1,5 mm,365,2.19,1.199,9.972,382,20.895,18.705,2.71,3.89,1.04,0.965,0.6205,18.31555965,326.956,22.3,19.397,2.632,4.272,2.131,0.793,0.17
A2,A2FT(H),High,"Ml,At",High_N0,N_0,tree mixture,2,2,5 mm,365,2.19,1.199,9.972,382,20.895,18.705,2.71,3.89,1.04,0.965,0.6205,18.31555965,327.155,23.087,17.009,1.553,3.9,2.304,0.785,0.01
A2,A2FT(H),High,"Ml,At",High_N0,N_0,tree mixture,2,1,2 mm,365,5.471,0.581,9.523,382,20.895,18.705,2.71,3.89,1.04,0.965,0.6205,18.31555965,344.674,26.677,28.828,4.246,5.755,2.155,1.071,
A2,A2FT(H),High,"Ml,At",High_N0,N_0,tree mixture,2,2,2 mm,365,5.471,0.581,9.523,382,20.895,18.705,2.71,3.89,1.04,0.965,0.6205,18.31555965,347.204,25.495,23.981,2.359,4.684,2.073,1.058,0.01
A2,A2HL   ,High,"Ml,At",High_N2,N_2,tree mixture,2,1,5 mm,365,1.079,5,7.735,391.5,110.705,13.98,5.57,2.185,0.345,0.975,0.245,3.528353599,254.138,16.325,59.161,3.053,2.205,0.751,0.719,0.008
A2,A2HL   ,High,"Ml,At",High_N2,N_2,tree mixture,2,2,5 mm,365,1.079,5,7.735,391.5,110.705,13.98,5.57,2.185,0.345,0.975,0.245,3.528353599,228.781,19.781,22.108,3.081,2.31,0.842,0.759,0.03
A2,A2HL   ,High,"Ml,At",High_N2,N_2,tree mixture,2,1,2 mm,365,1.653,1.192,7.779,391.5,110.705,13.98,5.57,2.185,0.345,0.975,0.245,3.528353599,342.229,24.023,22.513,3.096,2.889,0.618,1.185,0.001
A2,A2HL   ,High,"Ml,At",High_N2,N_2,tree mixture,2,2,2 mm,365,1.653,1.192,7.779,391.5,110.705,13.98,5.57,2.185,0.345,0.975,0.245,3.528353599,380.38,25.449,26.322,2.309,2.478,0.76,1.578,0.011
A2,A2HL   ,High,"Ml,At",High_N2,N_2,tree mixture,2,1,0.07 mm,365,2.927,0.817,7.669,391.5,110.705,13.98,5.57,2.185,0.345,0.975,0.245,3.528353599,394.177,29.245,25.281,2.824,3.224,0.438,1.579,0.02
A2,A2HL   ,High,"Ml,At",High_N2,N_2,tree mixture,2,2,0.07 mm,365,2.927,0.817,7.669,391.5,110.705,13.98,5.57,2.185,0.345,0.975,0.245,3.528353599,398.993,31.807,22.187,3.929,3.246,0.585,1.574,0.023
A2,A2HH,High,"Ml,At",High_N6,N_6,tree mixture,2,1,5 mm,365,2.343,2.667,7.152,365.5,257.02,6.33,1.835,1.465,0.376,0.52,0.025,1.423735003,247.827,20.784,16.738,2.942,2.926,1.22,0.649,0.026
A2,A2HH,High,"Ml,At",High_N6,N_6,tree mixture,2,2,5 mm,365,2.343,2.667,7.152,365.5,257.02,6.33,1.835,1.465,0.376,0.52,0.025,1.423735003,308.996,25.037,17.355,2.432,2.688,1.265,0.714,0.006
A2,A2HH,High,"Ml,At",High_N6,N_6,tree mixture,2,1,2 mm,365,3.926,0.6,6.963,365.5,257.02,6.33,1.835,1.465,0.376,0.52,0.025,1.423735003,348.749,33.712,53.989,2.418,3.849,1.261,0.801,0.02
A2,A2HH,High,"Ml,At",High_N6,N_6,tree mixture,2,2,2 mm,365,3.926,0.6,6.963,365.5,257.02,6.33,1.835,1.465,0.376,0.52,0.025,1.423735003,355.176,31.983,20.187,1.961,3.578,1.46,0.824,0.064
A2,A2HH,High,"Ml,At",High_N6,N_6,tree mixture,2,1,0.07 mm,365,3.067,0.796,7.21,365.5,257.02,6.33,1.835,1.465,0.376,0.52,0.025,1.423735003,380.387,41.315,20.203,2.406,3.946,1.315,1.014,0.027
A2,A2HH,High,"Ml,At",High_N6,N_6,tree mixture,2,2,0.07 mm,365,3.067,0.796,7.21,365.5,257.02,6.33,1.835,1.465,0.376,0.52,0.025,1.423735003,313.562,30.35,15.597,1.761,2.78,1.11,0.788,0.048
A2,A2FT(M),Medium,"Dt,Pt",Medium_N0,N_0,tree mixture,2,1,5 mm,365,3.708,1.09,9.978,427.5,14.7,17.85,1.505,2.925,1.314,0.655,0.7785,29.09722222,351.935,26.446,34.401,2.982,4.989,1.237,1.025,0.01
A2,A2FT(M),Medium,"Dt,Pt",Medium_N0,N_0,tree mixture,2,2,5 mm,365,3.708,1.09,9.978,427.5,14.7,17.85,1.505,2.925,1.314,0.655,0.7785,29.09722222,357.507,18.967,19.14,1.363,2.59,1.229,0.549,0.23
A2,A2FT(M),Medium,"Dt,Pt",Medium_N0,N_0,tree mixture,2,1,2 mm,365,5.458,0.573,10,427.5,14.7,17.85,1.505,2.925,1.314,0.655,0.7785,29.09722222,390.747,19.232,25.868,1.027,3.119,1.811,0.599,0.22
A2,A2FT(M),Medium,"Dt,Pt",Medium_N0,N_0,tree mixture,2,2,2 mm,365,5.458,0.573,10,427.5,14.7,17.85,1.505,2.925,1.314,0.655,0.7785,29.09722222,425.357,17.117,22.378,1.388,3.087,1.281,0.56,0.48
A2,A2FT(M),Medium,"Dt,Pt",Medium_N0,N_0,tree mixture,2,1,0.07 mm,365,6.458,0.408,10.002,427.5,14.7,17.85,1.505,2.925,1.314,0.655,0.7785,29.09722222,400.161,19.958,27.192,1.619,3.564,1.631,0.788,0.19
A2,A2FT(M),Medium,"Dt,Pt",Medium_N0,N_0,tree mixture,2,2,0.07 mm,365,6.458,0.408,10.002,427.5,14.7,17.85,1.505,2.925,1.314,0.655,0.7785,29.09722222,408.696,16.571,22.041,1.129,2.993,2.069,0.578,0.27
A2,A2ML,Medium,"Dt,Pt",Medium_N2,N_2,tree mixture,2,1,5 mm,365,3.255,0.802,7.532,417,106.31,12.23,1.7,2.46,0.8925,0.575,0.135,3.923549604,406.022,29.453,19.339,2.129,3.44,2.047,0.57,0.045
A2,A2ML,Medium,"Dt,Pt",Medium_N2,N_2,tree mixture,2,2,5 mm,365,3.255,0.802,7.532,417,106.31,12.23,1.7,2.46,0.8925,0.575,0.135,3.923549604,196.143,15.266,34.912,2.416,2.326,0.655,0.619,0.051
A2,A2ML,Medium,"Dt,Pt",Medium_N2,N_2,tree mixture,2,1,2 mm,365,5.597,0.364,7.736,417,106.31,12.23,1.7,2.46,0.8925,0.575,0.135,3.923549604,,,,,,,,
A2,A2ML,Medium,"Dt,Pt",Medium_N2,N_2,tree mixture,2,2,2 mm,365,5.597,0.364,7.736,417,106.31,12.23,1.7,2.46,0.8925,0.575,0.135,3.923549604,,,,,,,,
A2,A2ML,Medium,"Dt,Pt",Medium_N2,N_2,tree mixture,2,1,0.07 mm,365,4.189,0.562,7.729,417,106.31,12.23,1.7,2.46,0.8925,0.575,0.135,3.923549604,397.997,36.592,30.978,2.003,2.569,1.182,0.778,0
A2,A2ML,Medium,"Dt,Pt",Medium_N2,N_2,tree mixture,2,2,0.07 mm,365,4.189,0.562,7.729,417,106.31,12.23,1.7,2.46,0.8925,0.575,0.135,3.923549604,395.975,33.499,20.956,3.837,3.723,1.259,0.676,0.01
A2,A2MH,Medium,"Dt,Pt",Medium_N6,N_6,tree mixture,2,1,5 mm,365,2.237,3.152,7.197,372,246.995,5.38,0.855,1.125,0.469,0.29,0.01,1.476253861,314.177,26.024,16.389,2.301,2.362,0.817,0.44,0
A2,A2MH,Medium,"Dt,Pt",Medium_N6,N_6,tree mixture,2,2,5 mm,365,2.237,3.152,7.197,372,246.995,5.38,0.855,1.125,0.469,0.29,0.01,1.476253861,384.231,29.487,16.173,2.337,2.576,0.924,0.381,0.033
A2,A2MH,Medium,"Dt,Pt",Medium_N6,N_6,tree mixture,2,1,2 mm,365,4.671,0.439,7.282,372,246.995,5.38,0.855,1.125,0.469,0.29,0.01,1.476253861,374.104,30.493,32.517,1.203,2.172,1.375,0.331,0
A2,A2MH,Medium,"Dt,Pt",Medium_N6,N_6,tree mixture,2,2,2 mm,365,4.671,0.439,7.282,372,246.995,5.38,0.855,1.125,0.469,0.29,0.01,1.476253861,397.818,35.988,31.991,2.212,2.693,1.352,0.443,0
A2,A2MH,Medium,"Dt,Pt",Medium_N6,N_6,tree mixture,2,1,0.07 mm,365,2.991,0.725,7.206,372,246.995,5.38,0.855,1.125,0.469,0.29,0.01,1.476253861,410.575,38.574,24.385,1.487,2.587,1.599,0.358,0
A2,A2MH,Medium,"Dt,Pt",Medium_N6,N_6,tree mixture,2,2,0.07 mm,365,2.991,0.725,7.206,372,246.995,5.38,0.855,1.125,0.469,0.29,0.01,1.476253861,407.696,36.063,32.891,0.873,2.265,1.182,0.368,0.051
A2,A2FT(L),Low,"Cb,Ga",Low_N0,N_0,tree mixture,2,1,5 mm,365,3.845,1.414,10,438,11.25,27.315,6.515,3.265,0.3405,1.435,1.0965,38.92868748,341.594,15.424,21.538,4.066,3.334,0.792,1.259,0.04
A2,A2FT(L),Low,"Cb,Ga",Low_N0,N_0,tree mixture,2,2,5 mm,365,3.845,1.414,10,438,11.25,27.315,6.515,3.265,0.3405,1.435,1.0965,38.92868748,254.376,12.787,12.984,3.555,2.216,0.569,0.854,0.03
A2,A2FT(L),Low,"Cb,Ga",Low_N0,N_0,tree mixture,2,1,2 mm,365,3.321,1.126,9.93,438,11.25,27.315,6.515,3.265,0.3405,1.435,1.0965,38.92868748,,,,,,,,
A2,A2FT(L),Low,"Cb,Ga",Low_N0,N_0,tree mixture,2,2,2 mm,365,3.321,1.126,9.93,438,11.25,27.315,6.515,3.265,0.3405,1.435,1.0965,38.92868748,,,,,,,,
A2,A2FT(L),Low,"Cb,Ga",Low_N0,N_0,tree mixture,2,1,0.07 mm,365,3.813,0.917,10.002,438,11.25,27.315,6.515,3.265,0.3405,1.435,1.0965,38.92868748,410.647,15.842,36.017,4.557,4.757,0.534,1.925,0.15
A2,A2FT(L),Low,"Cb,Ga",Low_N0,N_0,tree mixture,2,2,0.07 mm,365,3.813,0.917,10.002,438,11.25,27.315,6.515,3.265,0.3405,1.435,1.0965,38.92868748,420.039,15.434,33.985,4.302,4.252,0.481,1.963,0.09
A2,A2LL,Low,"Cb,Ga",Low_N2,N_2,tree mixture,2,1,5 mm,365,3.047,1.573,7.656,386.5,103.555,12.715,2.83,2.935,0.8785,0.81,0.2,3.739460063,214.215,18.325,12.447,1.23,2.042,0.983,0.714,0.048
A2,A2LL,Low,"Cb,Ga",Low_N2,N_2,tree mixture,2,2,5 mm,365,3.047,1.573,7.656,386.5,103.555,12.715,2.83,2.935,0.8785,0.81,0.2,3.739460063,299.291,25.461,15.176,0.666,3.031,1.03,0.873,0.005
A2,A2LL,Low,"Cb,Ga",Low_N2,N_2,tree mixture,2,1,2 mm,365,3.878,0.628,7.769,386.5,103.555,12.715,2.83,2.935,0.8785,0.81,0.2,3.739460063,306.775,26.8,16.23,2.344,3.163,1.115,0.775,0
A2,A2LL,Low,"Cb,Ga",Low_N2,N_2,tree mixture,2,2,2 mm,365,3.878,0.628,7.769,386.5,103.555,12.715,2.83,2.935,0.8785,0.81,0.2,3.739460063,253.35,23.888,15.645,2.082,2.721,1.304,0.745,0.043
A2,A2LL,Low,"Cb,Ga",Low_N2,N_2,tree mixture,2,1,0.07 mm,365,2.009,0.952,7.721,386.5,103.555,12.715,2.83,2.935,0.8785,0.81,0.2,3.739460063,366.11,34.881,22.166,2.883,4.429,1.329,1.206,0.045
A2,A2LL,Low,"Cb,Ga",Low_N2,N_2,tree mixture,2,2,0.07 mm,365,2.009,0.952,7.721,386.5,103.555,12.715,2.83,2.935,0.8785,0.81,0.2,3.739460063,351.955,30.581,74.59,2.281,3.587,1.181,0.871,0.056
A2,A2LH,Low,"Cb,Ga",Low_N6,N_6,tree mixture,2,1,5 mm,365,2.932,3.735,7.344,370,240.595,9.815,2.19,1.765,0.524,0.53,0.04,1.538951658,373.263,25.559,27.265,2.405,2.948,0.638,1.412,0.004
A2,A2LH,Low,"Cb,Ga",Low_N6,N_6,tree mixture,2,2,5 mm,365,2.932,3.735,7.344,370,240.595,9.815,2.19,1.765,0.524,0.53,0.04,1.538951658,414.879,33.367,37.016,1.787,3.175,1.504,0.878,0.036
A2,A2LH,Low,"Cb,Ga",Low_N6,N_6,tree mixture,2,1,2 mm,365,1.27,1.44,7.639,370,240.595,9.815,2.19,1.765,0.524,0.53,0.04,1.538951658,401.406,31.422,29.276,2.255,3.128,0.549,1.63,0.059
A2,A2LH,Low,"Cb,Ga",Low_N6,N_6,tree mixture,2,2,2 mm,365,1.27,1.44,7.639,370,240.595,9.815,2.19,1.765,0.524,0.53,0.04,1.538951658,416.434,32.511,27.899,2.42,2.96,0.629,1.484,0.136
A2,A2LH,Low,"Cb,Ga",Low_N6,N_6,tree mixture,2,1,0.07 mm,365,1.54,1.283,7.22,370,240.595,9.815,2.19,1.765,0.524,0.53,0.04,1.538951658,370.116,36.788,24.998,3.318,3.267,0.498,2.172,0.076
A2,A2LH,Low,"Cb,Ga",Low_N6,N_6,tree mixture,2,2,0.07 mm,365,1.54,1.283,7.22,370,240.595,9.815,2.19,1.765,0.524,0.53,0.04,1.538951658,424.439,30.706,30.589,1.825,2.926,0.857,1.654,0.014
